<?xml version="1.0"?>
<activity interactiveSpacesVersion="[1.0.0, 2.0.0)">
  <name>Stellarium Master</name>
  <description>
Master Activity that communicates between Interactive Spaces and Stellarium Master Instance
  </description>

  <identifyingName>stellarium.master</identifyingName>
  <version>0.0.1</version>

  <configuration>
    <property name="space.activity.log.level" required="false">
      <value>info</value>
    </property>
    <property name="space.activity.ros.node.name" required="false">
      <value>example/routable/output</value>
    </property>
    <property name="space.activity.route.output.MasterToClientChannel" required="false">
      <value>/example/routable/channel1</value>
    </property>
    <property name="space.activity.routes.outputs" required="false">
      <value>MasterToClientChannel</value>
    </property>
    <property name="space.nativeapplication.executable" required="true">
      <description>Stellarium Executable</description>
      <value>/home/i/Downloads/StellariumLG/Stellarium/build/src/stellarium</value>
    </property>
    <property name="space.nativeapplication.executable.flags" required="false">
      <description>Flags for stellarium</description>
      <value>-f no --lg SERVER --lg-offset 0</value>
    </property>
  </configuration>
</activity>
