<?xml version="1.0"?>
<activity interactiveSpacesVersion="[1.0.0, 2.0.0)">
  <name>Stellarium Client</name>
  <description>
Client Activity that communicates between Interactive Spaces and Stellarium Client Instance
  </description>

  <identifyingName>stellarium.client</identifyingName>
  <version>0.0.1</version>

  <configuration>
    <property name="space.activity.log.level" required="false">
      <value>info</value>
    </property>
    <property name="space.activity.ros.node.name" required="false">
      <value>example/routable/input</value>
    </property>
    <property name="space.activity.route.input.MasterToClientChannel" required="false">
      <value>/example/routable/channel1</value>
    </property>
    <property name="space.activity.routes.inputs" required="false">
      <value>MasterToClientChannel</value>
    </property>
    <property name="space.nativeapplication.executable" required="true">
      <description>Stellarium Executable</description>
      <value>/usr/bin/stellarium</value>
    </property>
    <property name="space.nativeapplication.executable.flags" required="false">
      <description>Flags for stellarium</description>
      <value>-f no</value>
    </property>
  </configuration>
</activity>
